Desc_lbl_fr,Desc_lbl_en,Desc_lbl_pt
Année  1943,Year 1943,Ano de 1943
Activités de location et location-bail,Rental and rental-lease activities,Atividades de aluguel e aluguel de aluguel
Guyane,Guyana,Guiana
La Ferté-Bernard (5208),La Ferté-Bernard (5208),La Ferté-Bernard (5208)
Gap (9310),GAP (9310),Gap (9310)
Côte sous le vent (0101),Wind coast (0101),Wind Coast (0101)
Saintes (7528),Saintes (7528),SANTES (7528)
Angoulême (7502),Angoulême (7502),Angoulême (7502)
Cambrai (3208),Cambrai (3208),Cambrai (3208)
40 ans,40 years,40 anos
Limoges (7517),Limoges (7517),Limoges (7517)
Vannes (5318),Vannes (5318),Vannes (5318)
Année  1925,Year 1925,Ano de 1925
Roissy (1112),Roissy (1112),Roissy (1112)
112 ans,112 years,112 anos
Bastia (9402),Bastia (9402),Bastia (9402)
Activités des ménages en tant qu'employeurs de personnel domestique,Household activities as supporters of domestic personnel,Atividades domésticas como apoiadores do pessoal doméstico
Brive-la-Gaillarde (7507),Brive-la-Gaillarde (7507),Brive-La-Gaillarde (7507)
Vesoul (2718),Vesoul (2718),Vesoul (2718)
Année  1908,Year 1908,Ano de 1908
Placés par une agence d'intérim,Placed by an temporary agency,Colocado por uma agência temporária
79 ans,79 years,79 anos
Année  1950,Year 1950,Ano de 1950
Cadres des services administratifs et commerciaux d'entreprise,COMPANY Administrative and commercial services executives,Executivos administrativos e de serviços comerciais da empresa
Autres industries manufacturières n.c.a.,Other manufacturing industries N.C.A.,Outras indústrias de manufatura N.C.A.
Lannion (5308),Lannion (5308),Lannion (5308)
Marmande (7518),Marmande (7518),Marmande (7518)
Montbéliard (2714),Montbéliard (2714),Montbéliard (2714)
Fabrication de meubles,Furniture manufacturing,Fabricação de móveis
Cosne-Cours-sur-Loire (0056),Cosne-Cours-sur-Loire (0056),Cosne-Cours-sur-loire (0056)
Annecy (8401),Annecy (8401),Annecy (8401)
"Baccalauréat professionnel, brevet professionnel, de technicien ou d’enseignement, diplôme équivalent","Professional baccalaureate, professional patent, technician or teaching, equivalent diploma","Bacharelado profissional, patente profissional, técnico ou ensino, diploma equivalente"
42 ans,42 years,42 anos
Services d'information,Information services,Serviços de informação
Non salariés : Indépendants,Self -employed: self -employed,Auto -empregado: auto -empregado
Colmar (4405),Colmar (4405),Colmar (4405)
Transports aériens,Air transport,Transporte aéreo
Propriano (9407),Propriano (9407),Propriano (9407)
Année  2002,Year 2002,Ano de 2002
Cergy-Vexin (1101),Cergy-Vexin (1101),Cergy-Vexin (1101)
Année  1989,Year 1989,Ano de 1989
"Baccalauréat général ou technologique, brevet supérieur, capacité en droit, DAEU, ESEU","General or technological baccalaureate, higher patent, law capacity, daeu, eseu","Bacharelado geral ou tecnológico, maior patente, capacidade da lei, daeu, ESEU"
La Réunion,Reunion,Reunião
Dans une autre région: DOM (y compris Mayotte),In another region: DOM (including Mayotte),Em outra região: Dom (incluindo Mayotte)
Saint-Nazaire (5219),Saint-Nazaire (5219),Saint-Nazaire (5219)
Nogent-le-Rotrou (0061),Nogent-le-Rotrou (0061),Nogent-le-rotrou (0061)
Lesparre-Médoc (7515),Lesparre-Médoc (7515),Lesparre-Médoc (7515)
Valence (8431),Valence (8431),Valência (8431)
Extraction d'hydrocarbures,Hydrocarbon extraction,Extração de hidrocarbonetos
17 ans,17 years,17 anos
Actifs ayant un emploi s'étant déclaré en autre situation,Assets having a job having declared in other situation,Ativos tendo um emprego declarado em outra situação
Le Nord-Atlantique (0203),North Atlantic (0203),Atlântico Norte (0203)
Doctorat de recherche (hors santé),Research doctorate (excluding health),Pesquise doutorado (excluindo a saúde)
"Emplois aidés (contrat unique d'insertion, d'initiative emploi, d'accompagnement dans l'emploi, avenir, etc.)","Helped jobs (unique integration contract, employment initiative, employment support, future, etc.)","Ajudou empregos (contrato de integração exclusivo, iniciativa de emprego, apoio ao emprego, futuro etc.)"
Bergerac (7504),Bergerac (7504),Bergerac (7504)
Sarreguemines (4420),Sarreguemines (4420),Sarreguemines (4420)
Services de soutien aux industries extractives,Support services for extractive industries,Serviços de suporte para indústrias extrativas
Saint-Junien (7527),Saint-Junien (7527),Saint-Junien (7527)
Année  1945,Year 1945,Ano de 1945
Les Sables-d'Olonne (5214),Les Sables-d'Olonne (5214),Les Sables-D'olonne (5214)
73 ans,73 years,73 anos
Le Sud-Caraibe (0206),South Caraibe (0206),South Caraibe (0206)
Grenoble (8409),Grenoble (8409),Grenoble (8409)
"Ailleurs, dans la (une) région de la zone d'emploi","Elsewhere, in the (one) region of the employment area","Em outros lugares, na (uma) região da área de emprego"
Année  1966,Year 1966,Ano de 1966
Activités de poste et de courrier,Post and mail activities,Publicar e correio atividades
Fabrication de machines et équipements n.c.a.,Manufacturing of N.C.A.,Fabricação de N.C.A.
Avignon (0053),Avignon (0053),Avignon (0053)
Roanne (8426),Roanne (8426),Roanne (8426)
Corte (9404),Corte (9404),Corte (9404)
Etampes (1103),Etampes (1103),Etampes (1103)
Saint Etienne (8428),Saint Etienne (8428),Saint Etienne (8428)
"Professions de l'information, de l'art et des spectacles","Information, art and shows professions","Informações, arte e mostra profissões"
Saint-Gaudens (7622),Saint-Gaudens (7622),Saint-Gaudens (7622)
22 ans,22 years,22 anos
Saint-Brieuc (5316),Saint-Brieuc (5316),Saint-Brieuc (5316)
"Fabrication de denrées alimentaires, de boissons et de produits à base de tabac","Manufacture of food, drinks and tobacco products","Fabricação de alimentos, bebidas e produtos de tabaco"
Bourges (2402),Bourges (2402),Bourges (2402)
Versailles-Saint-Quentin (1115),Versailles-Saint-Quentin (1115),Versalhes-Saint-Quentin (1115)
"Agriculture, sylviculture et pêche","Agriculture, forestry and fishing","Agricultura, silvicultura e pesca"
Activités de services administratifs et de soutien,Administrative and support activities,Atividades administrativas e de apoio
32 ans,32 years,32 anos
Saint-Dié-des-Vosges (4417),Saint-Dié-des-Vosges (4417),Saint-dié-des-Vosges (4417)
Orléans (2410),Orléans (2410),Orléans (2410)
Autres industries manufacturières ; réparation et installation de machines et d'équipements,Other manufacturing industries; repair and installation of machines and equipment,Outras indústrias de manufatura; reparo e instalação de máquinas e equipamentos
Le Chablais (8415),Le Chablais (8415),Le Chablais (8415)
64 ans,64 years,64 anos
Menton (9314),Menton (9314),Menton (9314)
Activités auxiliaires de services financiers et d'assurance,Auxiliary financial services and insurance activities,Serviços financeiros auxiliares e atividades de seguro
Fabrication de produits en caoutchouc et en plastique ainsi que d'autres produits minéraux non métalliques,Manufacturing of rubber and plastic products as well as other non -metallic mineral products,"Fabricação de produtos de borracha e plástico, bem como outros produtos minerais não metálicos"
Vitré (5319),Vitré (5319),Vitré (5319)
Année  1953,Year 1953,Ano de 1953
Briançon (9302),Briançon (9302),Briançon (9302)
"BTS, DUT, Deug, Deust, diplôme de la santé ou du social de niveau bac+2, diplôme équivalent","BTS, DUT, DEUG, DEUST, health or social diploma at Bac+2 level, equivalent diploma","BTS, DUT, DEUG, deust, saúde ou diploma social a nível BAC+2, diploma equivalente"
Ajaccio (9401),Ajaccio (9401),Ajaccio (9401)
"Exploitants de l'agriculture, sylviculture, pêche et aquaculture","Farmers of agriculture, forestry, fishing and aquaculture","Agricultores de agricultura, silvicultura, pesca e aquicultura"
Melun (1108),Melun (1108),Melun (1108)
52 ans,52 years,52 anos
Année  1941,Year 1941,Ano de 1941
Nancy (4412),Nancy (4412),Nancy (4412)
90 ans,90 years,90 anos
30 ans,30 years,30 anos
"Fabrication de denrées alimentaires, de boissons et  de produits à base de tabac","Manufacture of food, drinks and tobacco products","Fabricação de alimentos, bebidas e produtos de tabaco"
Fabrication d'équipements électriques,Manufacturing of electrical equipment,Fabricação de equipamentos elétricos
"Commerce de gros, à l'exception des automobiles et des motocycles","Wholesale, with the exception of cars and motorcycles","Atacado, com exceção de carros e motocicletas"
65 ans,65 years,65 anos
Artisans,Craftsmen,Craftsmen
Employé,Employee,Funcionário
16 ans,16 years,16 anos
Année  1967,Year 1967,Ano de 1967
Île-de-France,Île-de-France,Île-de-France
Cognac (7509),Cognac (7509),Cognac (7509)
Année  1975,Year 1975,Ano de 1975
Professeurs et professions scientifiques supérieures,Higher teachers and scientific professions,Professores superiores e profissões científicas
Nantes (5216),Nantes (5216),Nantes (5216)
Année  1963,Year 1963,Ano de 1963
Industrie du papier et du carton,Paper and cardboard industry,Indústria de papel e papelão
Année  1938,Year 1938,Ano de 1938
Autres services personnels,Other personal services,Outros serviços pessoais
Actifs ayant un emploi s'étant déclaré retraité,Assets having a job having declared retired,Ativos tendo um emprego tendo declarado aposentado
Nevers (0060),Nevers (0060),Nevers (0060)
Argentan (2801),Argentan (2801),Argentão (2801)
Rochefort (7525),Rochefort (7525),Rochefort (7525)
Sedan (4421),Sedan (4421),Sedan (4421)
Année  2003,Year 2003,Ano de 2003
Est Grande Terre (0102),Is large land (0102),É uma terra grande (0102)
Remiremont (4414),Remiremont (4414),Remiremont (4414)
Le Sud (0205),The South (0205),O sul (0205)
Année  1961,Year 1961,Ano de 1961
Chefs d'entreprise de plus de 10 personnes,Business leaders of more than 10 people,Líderes empresariais de mais de 10 pessoas
Non salariés : Aides familiaux,Non -salaried: family assistance,Não escalonado: Assistência Familiar
Reims (4413),Reims (4413),Reims (4413)
Caen (2804),Caen (2804),Caen (2804)
Quimperlé (5314),Quimperlé (5314),Quimperlé (5314)
Année  1983,Year 1983,Ano de 1983
Activités d'architecture et d'ingénierie ; activités de contrôle et analyses techniques,Architecture and engineering activities; Control activities and technical analyzes,Atividades de arquitetura e engenharia; Atividades de controle e análises técnicas
Belfort (2705),Belfort (2705),Belfort (2705)
Mulhouse (4411),Mulhouse (4411),Mulhouse (4411)
"Production de films cinématographiques, de vidéo et de programmes de télévision ; enregistrement sonore et édition musicale","Production of cinematographic films, video and television programs; sound recording and musical edition","Produção de filmes cinematográficos, programas de vídeo e televisão; Recordagem de som e edição musical"
Tulle (7531),Tulle (7531),Tule (7531)
Lyon (8421),Lyon (8421),Lyon (8421)
33 ans,33 years,33 anos
"Ailleurs, dans le (un) département de la zone d'emploi","Elsewhere, in the (one) department of the employment zone","Em outros lugares, no departamento (um) da zona de emprego"
Année  1995,Year 1995,Ano de 1995
Castres-Mazamet (7610),Castres-Mazamet (7610),Castres-Mazamet (7610)
Saint-Malo (5317),Saint-Malo (5317),Saint-Malo (5317)
63 ans,63 years,63 anos
Fabrication de produits en caoutchouc et en plastique,Manufacturing of rubber and plastic products,Fabricação de produtos de borracha e plástico
99 ans,99 years,99 anos
Fabrication de boissons,Drinks manufacturing,Fabricação de bebidas
93 ans,93 years,93 anos
Année  1919,Year 1919,Ano de 1919
Année  1971,Year 1971,Ano de 1971
"Production et distribution d'électricité, de gaz, de vapeur et d'air conditionné","Production and distribution of electricity, gas, steam and air conditioning","Produção e distribuição de eletricidade, gás, vapor e ar condicionado"
Enseignement,Education,Educação
103 ans,103 years,103 anos
Chaumont (4404),Chaumont (4404),Chaumont (4404)
Blois (2401),Blois (2401),Blois (2401)
Année  1957,Year 1957,Ano de 1957
Ouest-Guyanais (0302),Ouest-Guyana (0302),Ouest-Guyana (0302)
45 à 49 ans,45 to 49 years,45 a 49 anos
Pontarlier (2715),Pontarlier (2715),Pontarlier (2715)
Dole (2712),Dole (2712),Dole (2712)
"Fabrication de produits informatiques, électroniques et optiques","Manufacturing of IT, electronic and optical products","Fabricação dele, produtos eletrônicos e ópticos"
107 ans,107 years,107 anos
Année 2006,Year 2006,Ano de 2006
72 ans,72 years,72 anos
Année  1914,Year 1914,Ano de 1914
Sylviculture et exploitation forestière,Forestry and logging,Florestal e madeira
Digne-les-Bains (9307),Digne-les-Bains (9307),Digne-les-Bains (9307)
Aucun diplôme et scolarité interrompue à la fin du primaire ou avant la fin du collège,No diploma and schooling interrupted at the end of primary school or before the end of college,Nenhum diploma e escolaridade interrompidos no final da escola primária ou antes do final da faculdade
Forbach (4408),Forbach (4408),Forbach (4408)
Redon (0062),Redon (0062),Redon (0062)
Année  1968,Year 1968,Ano de 1968
Sarrebourg (4419),Sarrebourg (4419),Sarrebourg (4419)
Autun (2701),Autun (2701),Autun (2701)
Martinique,Martinique,Martinica
Année  1934,Year 1934,Ano de 1934
Ingénieurs et cadres techniques d'entreprise,Engineers and corporate technical executives,Engenheiros e executivos técnicos corporativos
Transports par eau,Water transport,Transporte de água
Pithiviers (2411),Pithiviers (2411),Pithiviers (2411)
Fabrication d'autres matériels de transport,Manufacture of other transport materials,Fabricação de outros materiais de transporte
Villeneuve-sur-Lot (7532),Villeneuve-sur-Lot (7532),Villeneuve-sur-lot (7532)
"Collecte et traitement des eaux usées, traitement des déchets et dépollution","Wastewater collection and treatment, waste treatment and depollution","Coleta e tratamento de águas residuais, tratamento de resíduos e despolução"
Calais (3207),Calais (3207),Calais (3207)
Châlons-en-Champagne (4402),Châlons-en-Champagne (4402),Châlons-en-Champagne (4402)
Fabrication de matériels de transport,Manufacturing of transport equipment,Fabricação de equipamentos de transporte
La Vallée de la Bresle-Vimeu (0058),The Bresle-Vimeu valley (0058),O vale Bresle-Vimeu (0058)
Année  1939,Year 1939,Ano de 1939
Brignoles (9303),Brignoles (9303),Brignóis (9303)
Techniciens,Technicians,Técnicos
Châteaubriant (5205),Châteaubriant (5205),Châteaubriant (5205)
82 ans,82 years,82 anos
Extraction de houille et de lignite,Coal and lignite extraction,Extração de carvão e linhita
Information et communication,Information and communication,Informação e comunicação
Année  1932,Year 1932,Ano de 1932
Hébergement,Accommodation,Alojamento
Charleville-Mézières (4403),Charleville-Mézières (4403),Charleville-Mézières (4403)
Non salariés : Employeurs,Non -salaried: employers,Não escalonado: empregadores
78 ans,78 years,78 anos
Vierzon (2415),Vierzon (2415),Vierzon (2415)
Temps partiel,Part -time,Tempo parcial
La Rochelle (7512),La Rochelle (7512),La Rochelle (7512)
"Emplois sans limite de durée, CDI, titulaire de la fonction publique","Jobs without duration, permanent contract, holder of the public service","Empregos sem duração, contrato permanente, detentor do serviço público"
Châtellerault (7508),Châtellerault (7508),Châtelleroult (7508)
L'Aigle (2812),The eagle (2812),The Eagle (2812)
Année  1951,Year 1951,Ano de 1951
Haguenau (4409),Haguenau (4409),Haguenau (4409)
France métropolitaine,Metropolitan France,Metropolitan France
Année  1956,Year 1956,Ano de 1956
Hébergement et restauration,Accommodation and catering,Acomodação e catering
Saint-Claude (2716),Saint-Claude (2716),Saint-Claude (2716)
"Activités des services financiers, hors assurance et caisses de retraite","Activities of financial services, excluding insurance and pension funds","Atividades de serviços financeiros, excluindo fundos de seguro e pensão"
Besançon (2706),Besançon (2706),Besançon (2706)
44 ans,44 years,44 anos
Année  1911,Year 1911,Ano 1911
Année  1917,Year 1917,Ano de 1917
Boulogne-sur-Mer (3206),Boulogne-sur-Mer (3206),Boulogne-sur-Mer (3206)
Activités juridiques et comptables,Legal and accounting activities,Atividades legais e contábeis
Sans objet (pas d'inscription dans un établissement d'enseignement),Not applicable (no registration in an educational institution),Não aplicável (sem registro em uma instituição educacional)
Année  1985,Year 1985,Ano de 1985
Gien (2407),Gien (2407),Gien (2407)
Metz (4410),Metz (4410),Metz (4410)
Auray (5301),Auray (5301),Auray (5301)
Clermont-Ferrand (8408),Clermont-Ferrand (8408),Clermont-Ferrand (8408)
Edition,Edition,Edição
Compiègne (3210),Compiègne (3210),Compiègne (3210)
Temps complet,Full -time,Tempo total
Millau (7614),Millau (7614),Millau (7614)
"Fabrication de produits métalliques, à l'exception des machines et des équipements","Manufacture of metal products, with the exception of machines and equipment","Fabricação de produtos de metal, com exceção de máquinas e equipamentos"
Châtillon-Montbard (2709),Châtillon-Montbard (2709),Châtillon-Montbard (2709)
Année  1931,Year 1931,Ano de 1931
75 à 79 ans,75 to 79 years,75 a 79 anos
Année  2001,Year 2001,Ano de 2001
Activités immobilières,Real estate activities,Atividades imobiliárias
108 ans,108 years,108 anos
69 ans,69 years,69 anos
Guéret (7511),Guéret (7511),Guéret (7511)
"Activités des agences de voyage, voyagistes, services de réservation et activités connexes","Travel agencies, tour operators, reservation services and related activities","Agências de viagens, operadores turísticos, serviços de reserva e atividades relacionadas"
Année  1944,Year 1944,Ano de 1944
Année  1920,Year 1920,Ano de 1920
Activités indifférenciées des ménages en tant que producteurs de biens et services pour usage propre,Undifferentiated activities of households as producers of goods and services for clean use,Atividades indiferenciadas das famílias como produtores de bens e serviços para uso limpo
Fabrication de machines et équipements (non compris ailleurs),Manufacturing of machines and equipment (not included elsewhere),Fabricação de máquinas e equipamentos (não incluídos em outros lugares)
Industrie de l'habillement,Clothing industry,Indústria de roupas
Cokéfaction et raffinage,Cokecaction and refining,Cokecaction e refino
Transports terrestres et transport par conduites,Land transport and transport by conduct,Transporte terrestre e transporte por conduta
24 ans,24 years,24 anos
Ouvriers peu qualifiés de type industriel,Low -skilled industrial workers,Trabalhadores industriais baixos -qualificados
Actifs ayant un emploi s'étant déclaré élève,Assets having a job having declared a student,Ativos tendo um emprego tendo declarado um aluno
Année 2009,Year 2009,Ano de 2009
Année  2005,Year 2005,Ano de 2005
19 ans,19 years,19 anos
Année  1922,Year 1922,Ano de 1922
Année  1988,Year 1988,Ano de 1988
92 ans,92 years,92 anos
Profession intermédiaire,Intermediate profession,Profissão intermediária
Coutances (2806),Coutances (2806),Coutances (2806)
Saint-Omer (3219),Saint-Omer (3219),Saint-omer (3219)
Année  1994,Year 1994,Ano de 1994
Evreux (2808),Evreux (2808),Evreux (2808)
Vire Normandie (2818),Vire Normandie (2818),Vire Normandie (2818)
Pêche et aquaculture,Fishing and aquaculture,Pesca e aquicultura
"Conducteurs d'engins, caristes, magasiniers et ouvriers du transport (non routier)","Drivers of gear, carists, storekeepers and transport workers (non -road)","Motoristas de equipamentos, caristas, lojas e trabalhadores de transporte (não estrada)"
Laon (3214),Laon (3214),Laon (3214)
Assurance,Insurance,Seguro
"Voiture, camion, fourgonnette","Car, truck, van","Carro, caminhão, van"
Savanes (0303),Savanes (0303),Savanes (0303)
56 ans,56 years,56 anos
67 ans,67 years,67 anos
Saumur (5220),Saumur (5220),Saumur (5220)
Édition,Edition,Edição
Enquêtes et sécurité ; services relatifs aux bâtiments et aménagement paysager ; autres activités de soutien,Surveys and security; services relating to buildings and landscaping; Other support activities,Pesquisas e segurança; serviços relacionados a edifícios e paisagismo; Outras atividades de apoio
Activités administratives et autres activités de soutien aux entreprises,Administrative activities and other business support activities,Atividades administrativas e outras atividades de suporte de negócios
57 ans,57 years,57 anos
"Activités créatives, artistiques et de spectacle","Creative, artistic and show activities","Atividades criativas, artísticas e de show"
Lamballe-Armor (5307),Lamballe-Armor (5307),Lamballe Armor (5307)
Avallon (2703),Avallon (2703),AVALLON (2703)
30 à 34 ans,30 to 34,30 a 34
"Fabrication de textiles, industries de l'habillement, industrie du cuir et de la chaussure","Manufacture of textiles, clothing industries, leather and shoe industry","Fabricação de têxteis, indústrias de roupas, indústria de couro e calçada"
102 ans,102 years,102 anos
Agde-Pézenas (7601),Agde-Pézenas (7601),Agde-Pézenas (7601)
"Activités juridiques, comptables, de gestion, d'architecture, d'ingénierie, de contrôle et d'analyses techniques","Legal, accounting, management, architecture, engineering, control and technical analysis","Análise Legal, Contabilidade, Gerenciamento, Arquitetura, Engenharia, Controle e Técnico"
70 à 74 ans,70 to 74,70 a 74
31 ans,31 years,31 anos
37 ans,37 years,37 anos
100 ans,100 years,100 anos
Le Havre (2813),Le Havre (2813),Le Havre (2813)
Dans une autre région: DOM,In another region: Dom,Em outra região: DOM
"Ouvriers agricoles, des travaux forestiers, de la pêche et de l'aquaculture","Agricultural workers, forestry, fishing and aquaculture","Trabalhadores agrícolas, silvicultura, pesca e aquicultura"
Charolais (2708),Charolais (2708),Charolais (2708)
Nouvelle-Aquitaine,New Aquitaine,Nova Aquitânia
Année 2008,Year 2008,Ano de 2008
Industries alimentaires,Food industries,Indústrias de alimentos
Le Livradois (8417),Le Livradois (8417),Le Livradois (8417)
"Commerce de détail, à l'exception des automobiles et des motocycles","Retail, with the exception of cars and motorcycles","Varejo, com exceção de carros e motocicletas"
Calvi (9403),Calvi (9403),Calvi (9403)
Stagiaires rémunérés en entreprise,Competed trainees in business,Estagiários competidos nos negócios
La Roche-sur-Yon (5210),La Roche-sur-Yon (5210),La Roche-sur-yon (5210)
Nîmes (7618),Nîmes (7618),Nîmes (7618)
74 ans,74 years,74 anos
Saint-Lô (2816),Saint-Lô (2816),Saint-Lô (2816)
Ussel (0063),Ussel (0063),USSEL (0063)
Transports en commun,Public transport,Transporte público
Bollène-Pierrelatte (0055),Bollène-Pierrelatte (0055),Bollène-Pierrelatte (0055)
40 à 44 ans,40 to 44 years,40 a 44 anos
Chambéry (8407),Chambéry (8407),Chambéry (8407)
Abbeville (3201),Abbeville (3201),Abbeville (3201)
Année  1913,Year 1913,Ano de 1913
Année  1972,Year 1972,Ano de 1972
80 ans,80 years,80 anos
Activités extra-territoriales,Extra-territorial activities,Atividades extra-territoriais
Restauration,Restoration,Restauração
47 ans,47 years,47 anos
Moulins (8424),Moulins (8424),Moulins (8424)
"Programmation, conseil et autres activités informatiques","Programming, advice and other IT activities","Programação, conselhos e outras atividades de TI"
La Tarentaise (8413),La Tarentaise (8413),La Tarentaise (8413)
Commerce et réparation d'automobiles et de motocycles,Trade and repair of cars and motorcycles,Comércio e reparo de carros e motocicletas
50 ans,50 years,50 anos
Fréjus (9309),Fréjus (9309),Fréjus (9309)
Année  1930,Year 1930,Ano de 1930
Action sociale sans hébergement,Social action without accommodation,Ação social sem acomodação
"Professions intermédiaires de la fonction publique (administration, sécurité)","Intermediate Public Service Professions (Administration, Security)","Profissões de Serviço Público Intermediário (Administração, Segurança)"
Carhaix-Plouguer (5303),Carhaix-Plouguer (5303),Carhaix-Plouguer (5303)
Aix-en-Provence (9301),Aix-en-Provence (9301),AIX-en provence (9301)
65 à 69 ans,65 to 69 years,65 a 69 anos
Année  1987,Year 1987,Ano de 1987
Oyonnax (8425),OYONNAX (8425),Oyonnax (8425)
Professions libérales,Liberal professions,Profissões liberais
Fougères (5305),Fougères (5305),Fougères (5305)
71 ans,71 years,71 anos
Lille (3216),Lille (3216),Lille (3216)
25 à 29 ans,25 to 29 years,25 a 29 anos
Commerçants et assimilés,Traders and similar,Comerciantes e similares
Activités informatiques et services d'information,IT activities and information services,Atividades de TI e serviços de informação
Château-Thierry (3209),Château-Thierry (3209),Château-Thierry (3209)
89 ans,89 years,89 anos
"Arts, divertissement et musées","Arts, entertainment and museums","Artes, entretenimento e museus"
Année  1998,Year 1998,Ano de 1998
Morlaix (5310),Morlaix (5310),Morlaix (5310)
41 ans,41 years,41 anos
Bayonne (7503),Bayonne (7503),Bayonne (7503)
Châteauroux (2405),Châteauroux (2405),Châteauroux (2405)
23 ans,23 years,23 anos
Année  1973,Year 1973,Ano de 1973
"Conducteurs de véhicules de transport, chauffeurs-livreurs, coursiers","Transport vehicle drivers, leather drivers, couriers","Motoristas de transporte, motoristas de couro, correios"
DOM,Dom,Dom
Le Puy en Velay (8419),Le Puy en Velay (8419),Le Puy en Velay (8419)
Année  1982,Year 1982,Ano de 1982
Année  1929,Year 1929,Ano de 1929
45 ans,45 years,45 anos
Mende (7613),Mende (7613),Mende (7613)
Ghisonaccia (9405),Ghisonaccia (9405),Ghisonaccia (9405)
Administration publique et défense ; sécurité sociale obligatoire,Public administration and defense; compulsory social security,Administração pública e defesa; Seguro Social obrigatório
Granville (2810),Granville (2810),Granville (2810)
59 ans,59 years,59 anos
Le Mans (5212),Le Mans (5212),Le Mans (5212)
81 ans,81 years,81 anos
Bourgoin-Jallieu (8406),Bourgoin-Jallieu (8406),Bourgoin-Jallieu (8406)
Troyes (4425),Troyes (4425),Troyes (4425)
"Production et distribution d'eau ; assainissement, gestion des déchets et dépollution","Water production and distribution; Sanitation, waste management and depollution","Produção e distribuição de água; Saneamento, gerenciamento de resíduos e despolução"
Bourg en Bresse (8405),Bourg en Bresse (8405),Bourg en Bresse (8405)
"Policiers, militaires, pompiers, agents de sécurité privée","Police, soldiers, firefighters, private security agents","Polícia, soldados, bombeiros, agentes de segurança privada"
86 ans,86 years,86 anos
Pas de scolarité ou arrêt avant la fin du primaire,No schooling or stop before the end of primary school,Sem escolaridade ou parar antes do final da escola primária
105 à 109 ans,105 to 109 years,105 a 109 anos
Montélimar (8422),Montélimar (8422),Montélimar (8422)
106 ans,106 years,106 anos
Berck (3204),Berck (3204),Berck (3204)
Oloron-Sainte-Marie (7521),Oloron-Sainte-Marie (7521),Oloron-Sainte-Marie (7521)
34 ans,34 years,34 anos
Sélestat (4422),Sélestat (4422),Sélestat (4422)
50 à 54 ans,50 to 54,50 a 54
Le Genevois Français (8416),French Genevois (8416),Genevois francês (8416)
Porto-Vecchio (9406),Porto-Vecchio (9406),Porto-Vecchio (9406)
Dax (7510),Dax (7510),Dax (7510)
Sens (2717),Sens (2717),Sens (2717)
"Autres activités spécialisées, scientifiques et techniques","Other specialized, scientific and technical activities","Outras atividades especializadas, científicas e técnicas"
Imprimerie et reproduction d'enregistrements,Printing and reproduction of recordings,Impressão e reprodução de gravações
85 à 89 ans,85 to 89 years,85 a 89 anos
54 ans,54 years,54 anos
Activités financières et d'assurance,Financial and insurance activities,Atividades financeiras e de seguro
"Commerce de gros et de détail, transports, hébergement et restauration","Wholesale and retail, transport, accommodation and catering","Atacado e varejo, transporte, acomodação e catering"
Tours (2413),Tours (2413),Passeios (2413)
53 ans,53 years,53 anos
48 ans,48 years,48 anos
Dans une autre région : COM,In another region: com,Em outra região: com
Loches (2408),Loches (2408),Loches (2408)
Télécommunications,Telecommunications,Telecomunicações
Année  1952,Year 1952,Ano de 1952
Cherbourg en Cotentin (2805),Cherbourg en Cotentin (2805),Cherbourg en cotentin (2805)
49 ans,49 years,49 anos
Rennes (5315),Rennes (5315),Rennes (5315)
Chinon (2406),Chinon (2406),Chinon (2406)
Hébergement médico-social et social et action sociale sans hébergement,Medico-social and social accommodation and social action without accommodation,Medico-social e acomodação social e ação social sem acomodação
77 ans,77 years,77 anos
90 à 94 ans,90 to 94,90 a 94
Bar-le-Duc (4401),Bar-le-Duc (4401),Bar-le-Duc (4401)
Martigues-Salon (9313),Martigues-Salon (9313),Martigues-Salon (9313)
Bretagne,Brittany,Brittany
Dieppe-Caux maritime (2807),Maritime Dieppe (2807),Maritime Dieppe (2807)
38 ans,38 years,38 anos
Valréas (0064),Valréas (0064),Valréas (0064)
Les Herbiers-Montaigu (5213),Les Herbiers-Montaigu (5213),Les Herbiers-Montaigu (5213)
Les Sources de la Loire (8420),The sources of the Loire (8420),As fontes do loire (8420)
60 ans,60 years,60 anos
Auxerre (2702),Auxerre (2702),Auxerre (2702)
L'Ouest (0402),West (0402),Oeste (0402)
Salariés,Employees,Funcionários
Saint Flour (8429),Saint Flour (8429),Farinha Saint (8429)
CEP (certificat d’études primaires),CEP (Primary Studies Certificate),CEP (Certificado de Estudos Primários)
Hébergement médico-social et social,Medico-social and social accommodation,Medico-social e acomodação social
25 ans,25 years,25 anos
115 à 119 ans,115 to 119 years,115 a 119 anos
"Production de films cinématographiques, de vidéo et de programmes de télévision ; enregistrement sonore et édition musicale ; programmation et diffusion","Production of cinematographic films, video and television programs; sound recording and musical edition; Programming and distribution","Produção de filmes cinematográficos, programas de vídeo e televisão; gravação de som e edição musical; Programação e distribuição"
Libourne (7516),Libourne (7516),Libourne (7516)
Ploërmel (5311),Ploërmel (5311),Ploërmel (5311)
Nice (9315),Nice (9315),Nice (9315)
Le Sud (0404),The South (0404),O sul (0404)
Vernon-Gisors (2817),Vernon-Gisors (2817),Vernon-Gisors (2817)
Auch (7604),AUCH (7604),Auch (7604)
Amiens (3202),Amiens (3202),Amiens (3202)
111 ans,111 years,111 anos
Voiron (8435),Voiron (8435),Voiron (8435)
Dépollution et autres services de gestion des déchets,Depollution and other waste management services,Depollution e outros serviços de gerenciamento de resíduos
94 ans,94 years,94 anos
Toulon (9318),Toulon (9318),Toulon (9318)
Métallurgie et fabrication de produits métalliques à l'exception des machines et des équipements,Metallurgy and manufacturing of metal products with the exception of machines and equipment,"Metalurgia e fabricação de produtos de metal, com exceção de máquinas e equipamentos"
35 à 39 ans,35 to 39,35 a 39
La Teste-de-Buch (7513),La Teste-de-Buch (7513),La Teste-de-Buch (7513)
95 ans,95 years,95 anos
Narbonne (7617),Narbonne (7617),Narbonne (7617)
Agen (7501),Agen (7501),Agen (7501)
Montpellier (7616),Montpellier (7616),Montpellier (7616)
Actifs ayant un emploi exclusivement,Assets having a job exclusively,Ativos tendo um emprego exclusivamente
Yvetot-Vallée du Commerce (2819),Yvet -t-Vallée du Commerce (2819),Yvet -t -vallée du Commerce (2819)
Marseille (9312),Marseille (9312),Marselha (9312)
Montauban (7615),Montauban (7615),Montauban (7615)
Le Centre agglomération (0202),The Agglomeration Centre (0202),O Centro de Agglomeração (0202)
Sud Basse-Terre (0105),South Basse-Terre (0105),South Basse-Terre (0105)
Année  1926,Year 1926,Ano de 1926
Année  1960,Year 1960,Ano de 1960
"BEPC, brevet élémentaire, brevet des collèges, DNB","BEPC, elementary patent, college patent, DNB","BEPC, patente elementar, patente da faculdade, DNB"
Cannes (9304),Cannes (9304),Cannes (9304)
Rouen (2815),Rouen (2815),Rouen (2815)
Bressuire (7506),Bressuire (7506),Bressuire (7506)
Année  2004,Year 2004,Ano de 2004
Lorient (5309),Lorient (5309),Lorient (5309)
"Industries manufacturières, industries extractives et autres","Manufacturing industries, extractive industries and other","Indústrias manufatureiras, indústrias extrativas e outras"
Services relatifs aux bâtiments et aménagement paysager,Services relating to buildings and landscaping,Serviços relacionados a edifícios e paisagismo
Château-Gontier (5204),Château-Gontier (5204),Château-Gontier (5204)
Béziers (7606),Béziers (7606),Béziers (7606)
"Autres emplois à durée limitée, CDD, contrat court, saisonnier, vacataire, etc.","Other limited -term jobs, CDD, short, seasonal, temporary contract, etc.","Outros empregos limitados, CDD, curto, sazonal, contrato temporário, etc."
Le Centre-Atlantique (0201),Centre-Atlantic (0201),Center-Atlantic (0201)
115 ans,115 years,115 anos
Ouvriers qualifiés de type artisanal,Qualified artisanal type workers,Trabalhadores do tipo artesanal qualificado
Programmation et diffusion,Programming and distribution,Programação e distribuição
Toulouse (7625),Toulouse (7625),Toulouse (7625)
Coulommiers (1102),Coulommiers (1102),Coulommiers (1102)
"Autres activités spécialisées, scientifiques et techniques et activités vétérinaires","Other specialized, scientific and technical activities and veterinary activities","Outras atividades especializadas, científicas e técnicas e atividades veterinárias"
Lens (3215),Lens (3215),Lente (3215)
Femmes,Women,Mulheres
Niort (7520),Niort (7520),Niort (7520)
110 à 114 ans,110 to 114,110 a 114
Dijon (2711),Dijon (2711),Dijon (2711)
Saint-Quentin (3220),Saint-Quentin (3220),Saint-Fentin (3220)
Rodez (7621),Rodez (7621),Rodez (7621)
Meaux (1107),Meaux (1107),Meaux (1107)
46 ans,46 years,46 anos
Épernay (4406),ÉPERNAY (4406),Épernay (4406)
Année 2007,Year 2007,Ano de 2007
Année  1958,Year 1958,Ano de 1958
Tarare (8430),Tarare (8430),Tarare (8430)
Saint-Louis (4418),Saint-Louis (4418),Saint-Louis (4418)
Pau (7522),Pau (7522),Pau (7522)
Bagnols-sur-Cèze (7605),Bagnols-sur-Cèze (7605),Bagnols-sur-Cèze (7605)
Ministres du culte et religieux consacrés,Ministers of worship and religious consecrated,Ministros de adoração e religioso consagrado
Année  1986,Year 1986,Ano de 1986
Romilly-sur-Seine (4415),Romilly-sur-Seine (4415),Romilly-sur-seine (4415)
Avranches (2802),Avranches (2802),Avranches (2802)
Lons-le-Saunier (2713),Lons-le-Saunier (2713),Lons-le-Saunier (2713)
Bernay (2803),Bernay (2803),Bernay (2803)
Romans sur Isère (8427),Novels on Isère (8427),Romances em Isère (8427)
Vendôme (2414),Vendôme (2414),Vendôme (2414)
Année  1991,Year 1991,Ano de 1991
"Artisan, commerçant et chef d'entreprise","Craftsman, trader and business manager","Artesão, comerciante e gerente de negócios"
Corse,Corsica,Córsega
Mâcon (0059),Mâcon (0059),Mâcon (0059)
Ouvrier,Worker,Trabalhador
"Travail du bois et fabrication d'articles en bois et en liège, à l'exception des meubles ; fabrication d'articles en vannerie et sparterie","Wood work and manufacturing of wood and cork items, with the exception of furniture; Manufacturing of basketry and sparry items","Trabalho de madeira e fabricação de itens de madeira e cortiça, com exceção dos móveis; Fabricação de itens de cesta e esparry"
Année  1984,Year 1984,Ano de 1984
Autres activités de services,Other service activities,Outras atividades de serviço
L'Est (0401),East (0401),Leste (0401)
Année  1937,Year 1937,Ano de 1937
Entreposage et services auxiliaires des transports,Transport storage and auxiliary services,Transporte de armazenamento e serviços auxiliares
83 ans,83 years,83 anos
Tarbes-Lourdes (7624),Tarbes-Lourdes (7624),Tarbes-Lourdes (7624)
Employés administratifs d'entreprise,Corporate administrative employees,Funcionários administrativos corporativos
Seine-Yvelinoise (1114),Seine-Yvelinoise (1114),Seine-yvelinoise (1114)
Bourgogne-Franche-Comté,Bourgogne-Franche-Comté,Bourgogne-Franche-Com-Comté
Cahors (7607),Cahors (7607),Cahors (7607)
"Activités spécialisées, scientifiques et techniques et activités de services administratifs et de soutien","Specialized, scientific and technical activities and administrative and support activities","Atividades especializadas, científicas e técnicas e atividades administrativas e de suporte"
96 ans,96 years,96 anos
Année  1933,Year 1933,Ano de 1933
Hauts-de-France,Hauts-de-France,Hauts-de-France
Fabrication d'autres produits industriels,Manufacture of other industrial products,Fabricação de outros produtos industriais
85 ans,85 years,85 anos
Paris (1109),Paris (1109),Paris (1109)
Année  1947,Year 1947,Ano de 1947
Dans une autre région : France métropolitaine,In another region: Metropolitan France,Em outra região: a França Metropolitana
"Employés administratifs de la fonction publique, agents de service et auxiliaires de santé","Administrative employees of the public service, service agents and health assistants","Funcionários administrativos do serviço público, agentes de serviço e assistentes de saúde"
Draguignan (9308),Draguignan (9308),Draguignan (9308)
Dans une autre région: France métropolitaine,In another region: Metropolitan France,Em outra região: a França Metropolitana
Dans une autre région : DOM (y compris Mayotte),In another region: DOM (including Mayotte),Em outra região: Dom (incluindo Mayotte)
La Maurienne (8411),La Maurienne (8411),La Maurienne (8411)
Année  1979,Year 1979,Ano de 1979
Perpignan (7620),Perpignan (7620),Perpignan (7620)
Fontainebleau-Nemours (1105),Fontainebleau-Nemours (1105),Fontainebleau-Nemours (1105)
Brest (5302),Brest (5302),Brest (5302)
"Activités sportives, récréatives et de loisirs","Sports, recreational and leisure activities","Atividades esportivas, recreativas e de lazer"
Flers (2809),Flers (2809),Flers (2809)
Année  1955,Year 1955,Ano de 1955
105 ans,105 years,105 anos
Hommes,Men,Homens
Soissons (3221),Soissons (3221),Soissons (3221)
"Culture et production animale, chasse et services annexes","Culture and animal production, hunting and related services","Cultura e produção animal, caça e serviços relacionados"
Fabrication de produits à base de tabac,Tobacco -based products manufacturing,Fabricação de produtos baseados em tabaco
Recherche-développement scientifique,Scientific research-development,Desenvolvimento de pesquisa científica
Année  2000,Year 2000,Ano 2000
Ouvriers qualifiés de type industriel,Industrial type qualified workers,Trabalhadores qualificados do tipo industrial
Occitanie,Occitania,Occitânia
Activités des organisations associatives,Activities activities,Atividades de atividades
Albi (7602),Albi (7602),Albi (7602)
Beauvais (0054),Beauvais (0054),Beauvais (0054)
Alençon (0051),Alençon (0051),Alençon (0051)
Le Nord (0403),The North (0403),O norte (0403)
60 à 64 ans,60 to 64 years,60 a 64 anos
Poitiers (7524),Poitiers (7524),Poitiers (7524)
Carcassonne-Limoux (7608),Carcassonne-Limoux (7608),Carcassonne-Limoux (7608)
Manosque (9311),Manosque (9311),Manosco (9311)
Année  1962,Year 1962,Ano de 1962
Organisation de jeux de hasard et d'argent,Organization of games of chance and money,Organização de Jogos de Chance e Dinheiro
Année  1959,Year 1959,Ano de 1959
Autres industries manufacturières,Other manufacturing industries,Outras indústrias de manufatura
"Travail du bois, industries du papier et imprimerie","Wood work, paper industries and printing","Trabalho de madeira, indústrias de papel e impressão"
Figeac-Villefranche (7611),Figeac-Villefranche (7611),Figura-Villefranche (7611)
"Edition, audiovisuel et diffusion","Edition, audiovisual and broadcasting","Edição, audiovisual e transmissão"
Année  1916,Year 1916,Ano de 1916
Agents de maîtrise (hors maîtrise administrative),Masters agents (excluding administrative mastery),Agentes de mestrado (excluindo o domínio administrativo)
104 ans,104 years,104 anos
Béthune (3205),Béthune (3205),Béthune (3205)
Castelsarrasin-Moissac (7609),Castelsarrasin-Moissac (7609),Castelsarrasin-Moissac (7609)
Génie civil,Civil engineering,Engenharia Civil
Arles (0052),Arles (0052),Arles (0052)
Commerce ; réparation d'automobiles et de motocycles,Trade ; repair of automobiles and motorcycles,Troca ; reparo de automóveis e motocicletas
Année  1996,Year 1996,Ano de 1996
Royan (7526),Royan (7526),Royan (7526)
Année  1946,Year 1946,Ano de 1946
Montargis (2409),Montargis (2409),Montargis (2409)
Activités juridiques et comptables ; conseil de gestion ; activités des sièges sociaux,Legal and accounting activities; management board; Skills activities,Atividades legais e contábeis; Conselho de Administração; Atividades de habilidades
Activités liées à l'emploi,Employment -related activities,Atividades relacionadas ao emprego
Orange (9316),Orange (9316),Laranja (9316)
Année  1927,Year 1927,Ano de 1927
Sète (7623),Sète (7623),Sète (7623)
15 ans,15 years,15 anos
20 ans,20 years,20 anos
Activités des organisations et organismes extraterritoriaux,Activities of organizations and extraterritorial organizations,Atividades de organizações e organizações extraterritoriais
Activités pour la santé humaine,Human health activities,Atividades de saúde humana
Maubeuge (3217),Maubeuge (3217),Maubeuge (3217)
Activités vétérinaires,Veterinary activities,Atividades veterinárias
15 à 19 ans,15 to 19 years,15 a 19 anos
Année  1936,Year 1936,Ano de 1936
91 ans,91 years,91 anos
Année  1977,Year 1977,Ano de 1977
Alès-Le Vigan (7603),Alès-le Vigan (7603),Alès-Le Vigan (7603)
Sainte-Maxime (9317),Sainte-Maxime (9317),Sainte-Maxime (9317)
61 ans,61 years,61 anos
Année  1921,Year 1921,Ano de 1921
Montluçon (8423),Montluçon (8423),Montluçon (8423)
Métallurgie,Metallurgy,Metalurgia
Honfleur Pont-Audemer (2811),Honfleur Pont-Audemer (2811),Honfleur Pont-Audemer (2811)
55 ans,55 years,55 anos
76 ans,76 years,76 anos
Année  1993,Year 1993,Ano de 1993
Construction de bâtiments,Construction of buildings,Construção de edifícios
En contrat d'apprentissage ou de professionnalisation,On an apprenticeship or professionalization contract,Em um contrato de aprendizagem ou profissionalização
Autres industries extractives,Other extractive industries,Outras indústrias extrativas
Angers (5202),Angers (5202),Angers (5202)
Est-littoral (0301),East-littoral (0301),Oriental (0301)
Année  1976,Year 1976,Ano de 1976
Laval (5211),Laval (5211),Laval (5211)
28 ans,28 years,28 anos
Année  1964,Year 1964,Ano de 1964
Année  1970,Year 1970,Ano de 1970
Vitry-le-François Saint-Dizier (4427),Vitry-le-François Saint-Dizier (4427),Vitry-le-François Saint-Dizier (4427)
Personnels des services directs aux particuliers,Direct services to individuals,Serviços diretos para indivíduos
Carpentras (9305),Carpentras (9305),Carpentras (9305)
Dans une autre région: COM,In another region: com,Em outra região: com
"Fabrication de textiles, industrie de l’habillement, industrie du cuir et de la chaussure","Manufacturing of textiles, clothing industry, leather and shoe industry","Fabricação de têxteis, indústria de roupas, indústria de couro e calçados"
Année  1978,Year 1978,Ano de 1978
Villefranche-sur-Saône (8434),Villefranche-sur-Saône (8434),Villefranche-sur-Saône (8434)
84 ans,84 years,84 anos
Saint-Avold (4416),Saint-Avold (4416),Saint-Avold (4416)
Dans la zone d'emploi,In the employment area,Na área de emprego
Industrie pharmaceutique,Pharmaceutical industry,Indústria farmacêutica
Année  1924,Year 1924,Ano de 1924
Année  1965,Year 1965,Ano de 1965
Ancenis (5201),Ancenis (5201),Ancenis (5201)
Année  1997,Year 1997,Ano de 1997
Mayenne (5215),Mayenne (5215),Mayenne (5215)
Vichy (8432),Vichy (8432),Vichy (8432)
58 ans,58 years,58 anos
Industries extractives,Extractive industries,Indústrias extrativas
110 ans,110 years,110 anos
Année  1992,Year 1992,Ano de 1992
Dunkerque (3213),Dunkirk (3213),Dunkirk (3213)
Année  1918,Year 1918,Ano de 1918
101 ans,101 years,101 anos
Actifs ayant un emploi s'étant déclaré homme ou femme au foyer,Assets having a job having declared man or housewife,Ativos tendo um emprego tendo declarado homem ou dona de casa
98 ans,98 years,98 anos
Arras (3203),Arras (3203),Arras (3203)
Ouvriers peu qualifiés de type artisanal,Low -skilled workers of the artisanal type,Trabalhadores baixos do tipo artesanal
"Administration publique, enseignement, santé humaine et action sociale","Public administration, teaching, human health and social action","Administração Pública, Ensino, Saúde Humana e Ação Social"
Bordeaux (7505),Bordeaux (7505),Bordeaux (7505)
35 ans,35,35
Lisieux (2814),Lisieux (2814),Lisieux (2814)
87 ans,87 years,87 anos
Activités scientifiques et techniques ; services administratifs et de soutien,Scientific and technical activities; Administrative and support services,Atividades científicas e técnicas; Serviços administrativos e de suporte
95 à 99 ans,95 to 99 years,95 a 99 anos
Belley (8404),Belley (8404),Belley (8404)
"Professions de l'enseignement primaire et professionnel, de la formation continue et du sport","Primary and vocational education professions, continuing education and sport","Profissões de educação primária e profissional, educação continuada e esporte"
Thouars (7530),Thouars (7530),Thouars (7530)
Guadeloupe,Guadeloupe,Guadalupe
Publicité et études de marché,Advertising and market studies,Publicidade e estudos de mercado
Marie-Galante (0103),Marie-Galante (0103),Marie-Galante (0103)
26 ans,26 years,26 anos
Extraction de minerais métalliques,Metal mineral extraction,Extração mineral de metal
Beaune (2704),Beaune (2704),Beaune (2704)
Aubenas (8402),Aubenas (8402),Aubenas (8402)
"Arts, spectacles et activités récréatives","Arts, shows and recreational activities","Artes, shows e atividades recreativas"
Cadres,Executives,Executivos
Vienne-Annonay (8433),Vienne-Annonay (8433),Vienne-Annonay (8433)
Strasbourg (4423),Strasbourg (4423),Estrasburgo (4423)
Challans (5203),Challans (5203),Challans (5203)
97 ans,97 years,97 anos
"Marche à pied (ou rollers, patinette)","Walking (or rollerblades, skate)","Caminhando (ou patins, skate)"
"Programmation, conseil et autres activités informatiques ; services d'information","Programming, advice and other IT activities; information services","Programação, conselhos e outras atividades de TI; Serviços de informação"
Châteaudun (2404),Châteaudun (2404),Châteaudun (2404)
27 ans,27 years,27 anos
Année  1910,Year 1910,Ano de 1910
Issoire (8410),Issoire (8410),ISSOIRE (8410)
Segré-en-Anjou Bleu (5221),Segré-en-Anjou Bleu (5221),Segré-en-anjou bleu (5221)
Année  1969,Year 1969,Ano de 1969
Marne-la-Vallée (1106),Marne-la-Vallée (1106),Marne-La-Vallée (1106)
"Commerce, transports et services divers","Trade, transport and various services","Comércio, transporte e vários serviços"
Année  1999,Year 1999,Ano de 1999
Sablé-sur-Sarthe (5218),Sablé-sur-Sarthe (5218),Sablé-sur-Sarthe (5218)
Deux-roues motorisé,Motorized two-wheeler,Motorizado de duas rodas
"Collecte, traitement et élimination des déchets ; récupération","Collection, treatment and elimination of waste; recovery","Coleta, tratamento e eliminação de resíduos; recuperação"
80 à 84 ans,80 to 84,80 a 84
100 à 104 ans,100 to 104,100 a 104
Evry (1104),Evry (1104),EVRY (1104)
Année  1990,Year 1990,Ano de 1990
Auvergne-Rhône-Alpes,Auvergne-Rhône-Alpes,Auvergne-rhône-alpes
"Industries extractives, énergie, eau, gestion des déchets et dépollution","Extractive industries, energy, water, waste management and depollution","Indústrias extrativas, energia, água, gerenciamento de resíduos e depolluição"
Verdun (4426),Verdun (4426),Verdun (4426)
"Bibliothèques, archives, musées et autres activités culturelles","Libraries, archives, museums and other cultural activities","Bibliotecas, arquivos, museus e outras atividades culturais"
Épinal (4407),Épinal (4407),Épinal (4407)
La Flèche (5209),La Flèche (5209),La Flèche (5209)
Cholet (5206),Cholet (5206),Cholet (5206)
Industrie du cuir et de la chaussure,Leather and shoe industry,Indústria de couro e calçada
Pas de transport,No transport,Sem transporte
Pornic (5217),Pornic (5217),Pornic (5217)
Centre-Val de Loire,Centre-Val de Loire,Centro-Val de Loire
Le Nord-Caraibe (0204),North Caraibe (0204),North Caraibe (0204)
Agriculteur,Farmer,Agricultor
"Licence, licence pro, maîtrise, diplôme équivalent de niveau bac+3 ou bac+4","License, pro license, master's degree, equivalent diploma of bac+3 or bac+4 level","Licença, licença profissional, mestrado, diploma equivalente de BAC+3 ou BAC+4 Nível"
Administration publique,Public administration,Administração Pública
62 ans,62 years,62 anos
Normandie,Normandy,Normandia
Dinan (5304),Dinan (5304),Dinan (5304)
Construction,Construction,Construção
Année  1935,Year 1935,Ano de 1935
Nord-du-Lot (7619),Nord-du-Lot (7619),Nord-Du-Lot (7619)
43 ans,43 years,43 anos
Fabrication d'autres produits minéraux non métalliques,Manufacture of other non -metallic mineral products,Fabricação de outros produtos minerais não metálicos
Année  1954,Year 1954,Ano de 1954
Chalon-sur-Saône (2707),Chalon-sur-Saône (2707),Chalon-sur-Saône (2707)
Aurillac (8403),Aurillac (8403),Aurillac (8403)
Pontivy-Loudéac (5312),Pontivy-Loudéac (5312),Pontivy-Loudéac (5312)
Industrie chimique,Chemical,Químico
Année  1980,Year 1980,Ano de 1980
Travaux de construction spécialisés,Specialized construction work,Trabalho de construção especializado
Dreux (0057),Dreux (0057),Dreux (0057)
Creusot-Montceau (2710),Creusot-Montceau (2710),Creusot-Montceau (2710)
Langon (7514),Langon (7514),Langon (7514)
Sarlat-La-Canéda (7529),Sarlat-la-Canéda (7529),Sarlat-La-Canéda (7529)
Année  1940,Year 1940,Ano de 1940
Année  1949,Year 1949,Ano de 1949
Provins (1110),Provins (1110),Provas (1110)
Année  1981,Year 1981,Ano de 1981
Thionville (4424),Thionville (4424),Thionville (4424)
Réparation et installation de machines et d'équipements,Repair and installation of machines and equipment,Reparo e instalação de máquinas e equipamentos
La Plaine du Forez (8412),The Forez plain (8412),A PLAINHA PLAINHA (8412)
Année  1974,Year 1974,Ano de 1974
Collecte et traitement des eaux usées,Wastewater collection and treatment,Coleta e tratamento de águas residuais
Quimper (5313),Quimper (5313),Quimper (5313)
Fabrication de textiles,Textile manufacturing,Fabricação têxtil
"Fabrication d'équipements électriques, électroniques, informatiques ; fabrication de machines","Manufacture of electrical, electronic, computer equipment; Machine manufacture","Fabricação de equipamentos elétricos, eletrônicos e de informática; Fabricação de máquinas"
Foix-Pamiers (7612),Foix-Pamiers (7612),FOIX-Pamiers (7612)
Activités des sièges sociaux ; conseil de gestion,Skills activities; management advice,Atividades de habilidades; conselhos de gerenciamento
70 ans,70 years,70 anos
Romorantin-Lanthenay (2412),Romorantin-Lanthenay (2412),Romorantin-Lanthenay (2412)
29 ans,29 years,29 anos
75 ans,75 years,75 anos
Professions intermédiaires administratives et commerciales des entreprises,Administrative and commercial intermediary professions of companies,Profissões intermediárias administrativas e comerciais de empresas
Vélo (y compris à assistance électrique),Bike (including electric assistance),Bicicleta (incluindo assistência elétrica)
55 à 59 ans,55 to 59 years,55 a 59 anos
88 ans,88 years,88 anos
Année  1923,Year 1923,Ano de 1923
A l'étranger,Abroad,Fora do país
Année  1900,Year 1900,Ano 1900
Rambouillet (1111),Rambouillet (1111),Rambouillet (1111)
Fontenay-le-Comte (5207),Fontenay-le-Comte (5207),Fontenay-le-com (5207)
Professions intermédiaires de la santé et du travail social,Intermediate health and social labour professions,Profissões intermediárias de saúde e trabalho social
39 ans,39 years,39 anos
Année  1942,Year 1942,Ano de 1942
Aucun diplôme et scolarité jusqu’à la fin du collège ou au-delà,No diploma and schooling until the end of college or beyond,Sem diploma e escolaridade até o final da faculdade ou além
Guingamp (5306),Guingamp (5306),Guingamp (5306)
Activités des ménages en tant qu'employeurs ; activités indifférenciées des ménages en tant que producteurs de biens et services pour usage propre,Household activities as employers; undifferentiated activities of households as producers of goods and services for clean use,Atividades domésticas como empregadores; atividades indiferenciadas das famílias como produtores de bens e serviços para uso limpo
Chartres (2403),Chartres (2403),Chartres (2403)
Année  1928,Year 1928,Ano de 1928
21 ans,21 years,21 anos
"Master, DEA, DESS, diplôme grande école niveau bac+5, doctorat de santé","Master, DEA, DESS, Grande School Diploma Level Bac+5, health doctorate","Mestre, DEA, DESS, Diploma da Escola Grande BAC+5, Doutorado em Saúde"
Saclay (1113),Saclay (1113),Saclay (1113)
Transports et entreposage,Transport and storage,Transporte e armazenamento
"Captage, traitement et distribution d'eau","Water capture, treatment and distribution","Captura, tratamento e distribuição de água"
Périgueux (7523),Périgueux (7523),Périgueux (7523)
18 ans,18 years,18 anos
Grand Est,Large east,Grande leste
51 ans,51 years,51 anos
Année  1948,Year 1948,Ano de 1948
"Industrie manufacturière, industries extractives  et autres","Manufacturing industry, extractive industries and other","Indústria manufatureira, indústrias extrativas e outras"
Cadres administratifs et techniques de la fonction publique,Administrative and technical executives of the public service,Executivos administrativos e técnicos do serviço público
"CAP, BEP ou diplôme de niveau équivalent","CAP, BEP or equivalent level diploma","Cap, BEP ou diploma de nível equivalente"
36 ans,36 years,36 anos
Valenciennes (3222),Valenciennes (3222),Valenciennes (3222)
Cavaillon (9306),Cavaillon (9306),Cavaillon (9306)
Mont-de-Marsan (7519),Mont-de-Marsan (7519),Mont-de-Marsan (7519)
20 à 24 ans,20 to 24,20 a 24
Employés de commerce,Commercial employees,Funcionários comerciais
Enquêtes et sécurité,Surveys and security,Pesquisas e segurança
Creil (3211),Creil (3211),Creil (3211)
66 ans,66 years,66 anos
Le Mont Blanc (8418),Le Mont Blanc (8418),Le Mont Blanc (8418)
Douai (3212),Douai (3212),Douai (3212)
Actifs ayant un emploi s'étant déclaré chômeur,Assets having a job having declared unemployed,Ativos tendo um emprego tendo declarado desempregado
68 ans,68 years,68 anos
Industrie automobile,Automotive industry,Indústria automotiva
La Vallée de l'Arve (8414),The Arve valley (8414),O vale Arve (8414)
Réparation d'ordinateurs et de biens personnels et domestiques,Compensation for computers and personal and domestic goods,Compensação para computadores e bens pessoais e domésticos
Pays de la Loire,Pays de la Loire,Paga de la loire
Région Pointoise (0104),Pointoise region (0104),Região de Pontoise (0104)
Roubaix-Tourcoing (3218),Roubaix-Tourcoing (3218),RoubAix-Tourcoing (3218)
Provence-Alpes-Côte d'Azur,Provence-Alpes-Côte d'Azur,Provence-Alpes-Côte d'Azur
